OrderID,DATE,CustomerID,Region,Category,Product,Price,Quantity
1000,07-02-2024,C001,W,Furniture,Bookshelf,10963,2
1001,25-03-2024,C001,W,Furniture,Bookshelf,3155,5
1002,16-03-2024,C003,E,Electronics,Headphones,13794,4
1003,03-02-2024,C003,E,Clothing,Jacket,1484,3
1004,19-02-2024,C001,W,Clothing,T-shirt,13197,2
1005,19-03-2024,C003,E,Electronics,Laptop,14674,5
1006,06-02-2024,C003,W,Electronics,Headphones,3534,4
1007,25-01-2024,C001,E,Furniture,Bookshelf,18525,4
1008,17-02-2024,C004,N,Clothing,Jeans,4108,3
1009,15-03-2024,C002,W,Furniture,Office Chair,9034,4
1010,01-03-2024,C003,N,Furniture,Bookshelf,9849,1
1011,15-03-2024,C003,N,Clothing,Jeans,7798,1
1012,04-01-2024,C001,E,Furniture,Office Chair,787,4
1013,06-03-2024,C005,E,Clothing,Jacket,5927,1
1014,07-02-2024,C002,N,Clothing,T-shirt,19468,5
1015,01-02-2024,C003,S,Furniture,Bookshelf,9767,5
1016,20-03-2024,C005,W,Furniture,Office Chair,16514,5
1017,12-03-2024,C003,W,Furniture,Bookshelf,5277,3
1018,15-02-2024,C001,N,Clothing,Jeans,13713,2
1019,26-03-2024,C004,W,Electronics,Laptop,11050,4
1020,17-01-2024,C003,S,Electronics,Laptop,11422,5
1021,18-01-2024,C003,N,Electronics,Smartphone,8466,2
1022,10-01-2024,C005,S,Furniture,Bookshelf,11065,3
1023,11-01-2024,C001,S,Clothing,Jacket,7456,4
1024,23-03-2024,C005,N,Electronics,Smartphone,15803,1
1025,07-01-2024,C001,E,Furniture,Desk,11546,5
1026,20-02-2024,C004,N,Clothing,T-shirt,11991,4
1027,05-01-2024,C005,W,Furniture,Bookshelf,8993,1
1028,05-01-2024,C004,S,Furniture,Office Chair,1687,4
1029,12-01-2024,C005,E,Furniture,Office Chair,5416,3
1030,01-01-2024,C002,S,Furniture,Office Chair,13911,5
1031,07-01-2024,C005,W,Clothing,T-shirt,17130,1
1032,28-03-2024,C005,E,Clothing,Jeans,14719,5
1033,19-03-2024,C001,S,Furniture,Bookshelf,10216,3
1034,06-02-2024,C005,W,Clothing,Jacket,12061,1
1035,04-01-2024,C004,E,Electronics,Headphones,6536,5
1036,25-03-2024,C003,W,Furniture,Desk,15305,2
1037,30-01-2024,C001,E,Furniture,Office Chair,11779,3
1038,27-03-2024,C005,E,Clothing,Jeans,14980,2
1039,09-02-2024,C004,W,Electronics,Headphones,18813,1
1040,26-01-2024,C001,N,Clothing,T-shirt,7509,3
1041,14-02-2024,C005,S,Furniture,Desk,9557,5
1042,27-03-2024,C004,S,Electronics,Headphones,10981,1
1043,28-01-2024,C005,N,Electronics,Laptop,15757,5
1044,15-02-2024,C001,S,Furniture,Desk,11257,2
1045,12-02-2024,C001,W,Electronics,Headphones,2938,5
1046,26-02-2024,C004,W,Clothing,Jeans,3705,3
1047,07-03-2024,C003,E,Electronics,Smartphone,14981,4
1048,29-02-2024,C004,W,Electronics,Smartphone,9554,5
1049,08-02-2024,C004,S,Electronics,Laptop,4098,2
1050,26-03-2024,C001,W,Furniture,Office Chair,13209,2
1051,25-01-2024,C002,E,Clothing,Jeans,661,1
1052,02-01-2024,C002,E,Clothing,Jacket,14412,4
1053,24-01-2024,C001,N,Furniture,Office Chair,1219,1
1054,22-03-2024,C001,W,Electronics,Headphones,16952,5
1055,19-03-2024,C004,S,Furniture,Bookshelf,5643,5
1056,06-01-2024,C002,S,Furniture,Bookshelf,10472,2
1057,22-02-2024,C005,S,Furniture,Office Chair,14036,4
1058,10-01-2024,C001,S,Electronics,Smartphone,13999,4
1059,07-02-2024,C002,N,Furniture,Bookshelf,2349,5
1060,14-03-2024,C003,W,Clothing,T-shirt,5358,4
1061,26-03-2024,C001,W,Clothing,T-shirt,2290,3
1062,30-01-2024,C003,W,Electronics,Laptop,17056,2
1063,29-02-2024,C004,E,Furniture,Desk,3121,5
1064,13-01-2024,C002,W,Electronics,Smartphone,3664,2
1065,02-02-2024,C002,W,Clothing,T-shirt,11535,2
1066,21-03-2024,C001,S,Clothing,Jeans,1460,2
1067,19-03-2024,C001,E,Furniture,Desk,17613,1
1068,27-02-2024,C005,N,Furniture,Desk,15880,2
1069,27-01-2024,C001,S,Furniture,Desk,14714,4
1070,17-02-2024,C001,N,Clothing,T-shirt,16456,1
1071,31-03-2024,C001,W,Electronics,Smartphone,19983,4
1072,06-02-2024,C005,W,Clothing,Jeans,10660,3
1073,28-02-2024,C002,W,Electronics,Headphones,15402,1
1074,19-01-2024,C002,W,Electronics,Laptop,17985,4
1075,24-03-2024,C005,S,Furniture,Bookshelf,11580,1
1076,21-01-2024,C005,W,Clothing,Jeans,18836,2
1077,11-03-2024,C004,W,Furniture,Desk,18227,1
1078,02-03-2024,C001,W,Furniture,Desk,8955,2
1079,02-01-2024,C002,E,Clothing,T-shirt,5721,4
1080,08-03-2024,C003,N,Furniture,Office Chair,15788,4
1081,21-01-2024,C004,E,Furniture,Desk,12246,2
1082,08-02-2024,C004,E,Clothing,T-shirt,13682,3
1083,05-02-2024,C004,E,Clothing,T-shirt,2005,3
1084,30-01-2024,C005,E,Clothing,Jeans,11296,1
1085,29-02-2024,C002,W,Clothing,T-shirt,6183,4
1086,29-02-2024,C005,S,Furniture,Desk,18102,4
1087,19-02-2024,C001,N,Clothing,Jacket,1426,3
1088,10-01-2024,C001,N,Electronics,Smartphone,646,5
1089,29-01-2024,C005,W,Clothing,Jacket,1745,1
1090,31-01-2024,C002,N,Clothing,T-shirt,8359,1
1091,02-03-2024,C004,N,Clothing,Jeans,16743,5
1092,08-01-2024,C005,N,Electronics,Laptop,8819,3
1093,01-03-2024,C001,W,Furniture,Bookshelf,6646,1
1094,21-03-2024,C002,W,Electronics,Smartphone,11194,1
1095,12-01-2024,C001,S,Furniture,Desk,8372,2
1096,25-03-2024,C002,N,Electronics,Laptop,8690,1
1097,24-01-2024,C001,W,Furniture,Desk,6331,5
1098,28-01-2024,C005,N,Furniture,Office Chair,13689,2
1099,02-03-2024,C001,W,Furniture,Office Chair,1056,2
1100,09-02-2024,C001,W,Furniture,Office Chair,3460,3
1101,31-03-2024,C005,N,Clothing,Jeans,13656,5
1102,29-03-2024,C004,W,Clothing,Jeans,11697,2
1103,20-03-2024,C003,N,Furniture,Bookshelf,17493,5
1104,06-01-2024,C001,E,Electronics,Laptop,2041,3
1105,13-03-2024,C003,E,Electronics,Headphones,6468,3
1106,04-01-2024,C004,S,Clothing,Jacket,19958,4
1107,28-02-2024,C002,N,Clothing,Jeans,14528,4
1108,10-02-2024,C004,N,Furniture,Bookshelf,11211,5
1109,16-03-2024,C002,W,Clothing,Jeans,19504,4
1110,08-01-2024,C001,W,Electronics,Laptop,16918,3
1111,01-01-2024,C001,E,Clothing,Jeans,19968,4
1112,08-03-2024,C005,N,Furniture,Office Chair,8271,3
1113,30-01-2024,C001,W,Clothing,T-shirt,17344,1
1114,12-01-2024,C001,S,Electronics,Laptop,10226,1
1115,21-02-2024,C002,N,Clothing,Jeans,11174,5
1116,06-03-2024,C002,E,Clothing,Jacket,5739,3
1117,10-02-2024,C004,W,Electronics,Smartphone,8986,5
1118,24-03-2024,C002,N,Furniture,Bookshelf,18994,2
1119,20-02-2024,C003,N,Electronics,Laptop,10475,1
1120,07-03-2024,C001,S,Clothing,T-shirt,16414,5
1121,18-02-2024,C003,S,Electronics,Laptop,834,3
1122,24-02-2024,C004,E,Furniture,Bookshelf,4161,2
1123,19-01-2024,C005,N,Furniture,Bookshelf,18649,5
1124,01-01-2024,C003,W,Clothing,Jeans,3771,2
1125,11-03-2024,C003,W,Furniture,Desk,2179,1
1126,23-01-2024,C001,S,Electronics,Headphones,8053,5
1127,02-01-2024,C003,S,Electronics,Headphones,15497,5
1128,05-01-2024,C005,E,Electronics,Laptop,19598,2
1129,24-01-2024,C002,E,Electronics,Smartphone,7211,1
1130,28-02-2024,C004,S,Electronics,Laptop,1221,5
1131,04-03-2024,C002,S,Clothing,Jacket,7832,1
1132,08-01-2024,C005,S,Clothing,T-shirt,16348,4
1133,29-03-2024,C003,E,Electronics,Smartphone,14572,5
1134,07-03-2024,C003,N,Furniture,Office Chair,4711,5
1135,09-02-2024,C002,W,Clothing,T-shirt,7007,3
1136,18-02-2024,C001,W,Furniture,Bookshelf,7917,1
1137,14-02-2024,C001,N,Furniture,Office Chair,10072,2
1138,18-02-2024,C003,W,Furniture,Bookshelf,11310,4
1139,14-02-2024,C004,N,Clothing,T-shirt,9866,4
1140,05-01-2024,C005,N,Electronics,Headphones,13027,3
1141,02-03-2024,C004,W,Furniture,Office Chair,8182,3
1142,25-03-2024,C003,N,Furniture,Bookshelf,8327,3
1143,19-02-2024,C001,N,Electronics,Headphones,19097,5
1144,27-02-2024,C001,S,Electronics,Smartphone,4728,5
1145,27-02-2024,C005,E,Electronics,Headphones,10105,2
1146,27-02-2024,C002,N,Furniture,Desk,11581,1
1147,31-01-2024,C004,W,Furniture,Bookshelf,17362,2
1148,20-02-2024,C005,N,Furniture,Office Chair,13062,1
1149,07-01-2024,C005,E,Electronics,Smartphone,6533,1
1150,07-01-2024,C001,E,Electronics,Smartphone,17669,1
1151,28-02-2024,C005,W,Furniture,Desk,11553,2
1152,29-01-2024,C005,E,Furniture,Office Chair,16780,3
1153,04-02-2024,C003,N,Electronics,Laptop,7025,4
1154,12-03-2024,C004,E,Electronics,Smartphone,3020,3
1155,02-02-2024,C002,N,Electronics,Laptop,10032,5
1156,22-01-2024,C001,E,Clothing,T-shirt,16203,1
1157,11-02-2024,C002,N,Clothing,Jacket,5606,4
1158,28-01-2024,C001,E,Electronics,Smartphone,686,1
1159,27-01-2024,C005,N,Electronics,Headphones,8060,2
1160,06-01-2024,C002,S,Clothing,Jacket,12960,5
1161,07-03-2024,C003,N,Clothing,T-shirt,3519,1
1162,22-03-2024,C002,E,Clothing,Jacket,9424,2
1163,27-01-2024,C005,S,Clothing,Jeans,15476,3
1164,14-02-2024,C003,S,Furniture,Bookshelf,16529,4
1165,01-02-2024,C002,W,Electronics,Headphones,14832,3
1166,17-03-2024,C004,E,Furniture,Bookshelf,3507,1
1167,20-02-2024,C005,W,Furniture,Desk,8244,4
1168,16-03-2024,C002,E,Electronics,Laptop,16117,3
1169,02-01-2024,C001,N,Electronics,Headphones,7284,4
1170,13-01-2024,C003,E,Furniture,Bookshelf,15186,3
1171,31-01-2024,C001,S,Clothing,Jacket,3421,2
1172,25-01-2024,C001,S,Furniture,Office Chair,12748,4
1173,29-01-2024,C002,E,Furniture,Bookshelf,7256,1
1174,29-02-2024,C002,S,Clothing,T-shirt,19572,3
1175,21-03-2024,C001,S,Furniture,Bookshelf,2004,3
1176,22-01-2024,C004,E,Clothing,T-shirt,2146,2
1177,24-02-2024,C004,E,Electronics,Headphones,19469,1
1178,19-03-2024,C005,N,Furniture,Bookshelf,11800,1
1179,17-03-2024,C004,E,Furniture,Office Chair,5321,2
1180,23-01-2024,C004,N,Furniture,Office Chair,3935,4
1181,09-02-2024,C002,N,Furniture,Office Chair,6085,2
1182,09-02-2024,C002,S,Electronics,Laptop,3198,4
1183,18-03-2024,C005,E,Clothing,T-shirt,14934,1
1184,14-03-2024,C005,W,Electronics,Laptop,9567,3
1185,25-01-2024,C001,E,Clothing,Jeans,9125,3
1186,29-01-2024,C001,N,Electronics,Headphones,14664,5
1187,22-01-2024,C002,S,Clothing,Jacket,9861,4
1188,22-01-2024,C004,W,Electronics,Laptop,2623,4
1189,19-02-2024,C004,W,Electronics,Smartphone,4449,4
1190,14-02-2024,C003,S,Furniture,Bookshelf,1473,2
1191,22-01-2024,C004,S,Furniture,Office Chair,19194,1
1192,29-02-2024,C004,E,Furniture,Office Chair,13553,3
1193,31-03-2024,C002,W,Furniture,Office Chair,13783,2
1194,28-02-2024,C005,S,Furniture,Bookshelf,13725,4
1195,28-02-2024,C001,N,Furniture,Office Chair,5002,1
1196,25-01-2024,C005,E,Electronics,Smartphone,15476,5
1197,02-01-2024,C004,W,Electronics,Smartphone,3302,2
1198,31-03-2024,C003,S,Electronics,Laptop,6673,2
1199,06-02-2024,C001,E,Electronics,Smartphone,18561,4
1200,28-01-2024,C001,W,Furniture,Bookshelf,14387,4
1201,09-03-2024,C004,S,Clothing,Jacket,16250,3
1202,06-03-2024,C002,S,Furniture,Office Chair,19226,3
1203,10-01-2024,C005,N,Electronics,Laptop,7055,2
1204,27-03-2024,C005,S,Electronics,Laptop,8753,4
1205,04-02-2024,C001,N,Clothing,T-shirt,16097,2
1206,25-02-2024,C004,S,Clothing,Jeans,6362,1
1207,01-01-2024,C005,N,Clothing,Jeans,3408,3
1208,25-03-2024,C003,N,Electronics,Smartphone,12553,3
1209,18-01-2024,C003,N,Electronics,Laptop,15657,2
1210,20-01-2024,C001,S,Electronics,Laptop,19897,1
1211,29-03-2024,C002,S,Clothing,Jacket,18522,4
1212,04-02-2024,C003,N,Electronics,Laptop,19419,4
1213,25-03-2024,C003,S,Furniture,Desk,10793,1
1214,25-02-2024,C003,E,Furniture,Desk,5060,2
1215,15-02-2024,C002,E,Electronics,Smartphone,15416,3
1216,27-03-2024,C001,W,Furniture,Desk,7082,3
1217,15-01-2024,C001,N,Electronics,Laptop,9881,1
1218,10-02-2024,C003,S,Electronics,Laptop,4586,2
1219,14-02-2024,C004,S,Furniture,Bookshelf,12356,5
1220,23-03-2024,C001,N,Electronics,Smartphone,15265,5
1221,12-02-2024,C004,N,Clothing,T-shirt,14199,4
1222,15-03-2024,C002,S,Furniture,Desk,5888,2
1223,18-02-2024,C004,S,Furniture,Bookshelf,19199,5
1224,15-02-2024,C001,S,Electronics,Laptop,15615,1
1225,25-02-2024,C001,W,Clothing,Jeans,9579,5
1226,04-02-2024,C001,S,Electronics,Laptop,7603,2
1227,07-03-2024,C002,S,Furniture,Office Chair,8683,4
1228,16-03-2024,C002,S,Clothing,T-shirt,10533,5
1229,05-03-2024,C003,S,Electronics,Smartphone,6895,5
1230,09-01-2024,C005,E,Furniture,Bookshelf,18962,5
1231,26-02-2024,C005,W,Furniture,Desk,19079,3
1232,16-01-2024,C002,E,Clothing,Jacket,9521,1
1233,05-02-2024,C003,S,Electronics,Headphones,16591,1
1234,12-02-2024,C004,E,Clothing,T-shirt,11221,3
1235,01-03-2024,C004,W,Furniture,Bookshelf,8881,1
1236,01-01-2024,C005,E,Electronics,Headphones,2758,3
1237,04-01-2024,C003,E,Clothing,Jeans,15040,3
1238,15-02-2024,C003,N,Electronics,Headphones,5340,3
1239,20-02-2024,C002,E,Clothing,T-shirt,7665,2
1240,12-03-2024,C003,E,Furniture,Desk,13063,5
1241,10-01-2024,C001,S,Electronics,Smartphone,17237,5
1242,29-03-2024,C002,E,Furniture,Office Chair,16251,2
1243,06-01-2024,C005,N,Clothing,Jacket,3437,5
1244,20-01-2024,C003,E,Furniture,Bookshelf,15484,2
1245,18-02-2024,C005,E,Clothing,T-shirt,16897,1
1246,03-02-2024,C004,W,Furniture,Bookshelf,6953,2
1247,04-02-2024,C005,E,Furniture,Bookshelf,6557,5
1248,08-02-2024,C003,S,Clothing,T-shirt,18207,3
1249,26-01-2024,C005,E,Electronics,Laptop,11652,3
1250,23-02-2024,C004,E,Electronics,Headphones,10907,5
1251,27-02-2024,C003,S,Furniture,Desk,7061,2
1252,06-03-2024,C003,S,Clothing,Jeans,4315,4
1253,29-01-2024,C003,S,Clothing,Jacket,15244,3
1254,29-01-2024,C001,W,Clothing,Jeans,1774,3
1255,30-03-2024,C005,E,Clothing,Jeans,1936,4
1256,15-01-2024,C004,S,Clothing,Jeans,18211,3
1257,29-03-2024,C004,S,Electronics,Headphones,2708,3
1258,03-02-2024,C003,S,Furniture,Office Chair,2131,3
1259,11-03-2024,C005,S,Electronics,Laptop,12428,3
1260,10-02-2024,C005,S,Furniture,Desk,17671,5
1261,02-01-2024,C003,W,Clothing,Jeans,10747,3
1262,12-01-2024,C002,S,Electronics,Headphones,19526,3
1263,15-03-2024,C003,E,Electronics,Headphones,2145,5
1264,22-01-2024,C003,N,Clothing,T-shirt,5366,2
1265,30-01-2024,C003,W,Furniture,Bookshelf,6633,2
1266,20-02-2024,C003,W,Electronics,Smartphone,10395,1
1267,14-02-2024,C003,N,Furniture,Desk,13420,2
1268,10-02-2024,C003,E,Electronics,Laptop,11859,5
1269,29-03-2024,C005,W,Clothing,Jacket,13708,1
1270,20-02-2024,C005,W,Electronics,Headphones,18451,5
1271,09-02-2024,C004,N,Furniture,Office Chair,11917,3
1272,05-01-2024,C002,N,Clothing,Jeans,8009,1
1273,18-01-2024,C003,E,Electronics,Smartphone,8602,4
1274,28-03-2024,C005,S,Furniture,Office Chair,2084,2
1275,14-01-2024,C002,W,Electronics,Laptop,5861,5
1276,21-03-2024,C003,E,Furniture,Bookshelf,3883,1
1277,13-03-2024,C001,N,Electronics,Laptop,1201,5
1278,06-03-2024,C004,W,Clothing,Jacket,10422,4
1279,30-01-2024,C005,S,Electronics,Laptop,826,3
1280,12-02-2024,C005,E,Electronics,Laptop,2470,5
1281,05-03-2024,C004,E,Electronics,Smartphone,785,1
1282,29-02-2024,C003,N,Electronics,Smartphone,17533,5
1283,09-02-2024,C003,W,Clothing,Jeans,9854,3
1284,31-03-2024,C001,S,Furniture,Desk,6977,3
1285,23-03-2024,C001,E,Electronics,Smartphone,12918,5
1286,25-01-2024,C005,N,Clothing,T-shirt,4476,1
1287,19-01-2024,C005,E,Electronics,Headphones,11970,5
1288,03-03-2024,C001,W,Furniture,Desk,5515,4
1289,31-01-2024,C004,E,Furniture,Office Chair,6643,3
1290,19-01-2024,C002,E,Clothing,Jeans,15121,1
1291,10-03-2024,C003,S,Electronics,Laptop,9864,5
1292,13-02-2024,C004,W,Clothing,Jeans,6977,1
1293,07-01-2024,C005,S,Furniture,Office Chair,14390,5
1294,21-02-2024,C002,S,Furniture,Desk,8772,3
1295,27-03-2024,C003,S,Furniture,Bookshelf,5156,5
1296,16-01-2024,C004,S,Clothing,T-shirt,14022,4
1297,03-02-2024,C005,W,Furniture,Desk,9119,3
1298,27-03-2024,C001,W,Furniture,Desk,8307,4
1299,30-01-2024,C003,W,Furniture,Office Chair,3631,2
1300,09-03-2024,C004,N,Furniture,Desk,19076,1
1301,12-02-2024,C005,W,Furniture,Bookshelf,4921,4
1302,15-02-2024,C003,S,Clothing,Jeans,16309,4
1303,13-02-2024,C005,N,Electronics,Smartphone,19543,5
1304,05-02-2024,C003,W,Furniture,Bookshelf,7851,5
1305,02-01-2024,C002,W,Electronics,Headphones,769,3
1306,12-03-2024,C003,S,Clothing,T-shirt,10660,4
1307,14-01-2024,C004,E,Furniture,Office Chair,2989,4
1308,17-01-2024,C001,W,Furniture,Desk,17406,1
1309,26-03-2024,C002,N,Furniture,Bookshelf,18917,2
1310,19-02-2024,C005,E,Clothing,Jacket,16930,3
1311,17-01-2024,C001,E,Clothing,Jeans,11702,3
1312,20-03-2024,C004,W,Electronics,Smartphone,19827,4
1313,07-01-2024,C001,N,Electronics,Laptop,3880,1
1314,30-03-2024,C001,N,Furniture,Desk,4643,5
1315,18-01-2024,C002,S,Furniture,Bookshelf,19589,1
1316,22-03-2024,C001,W,Electronics,Laptop,17283,2
1317,12-03-2024,C003,W,Furniture,Office Chair,7771,3
1318,21-03-2024,C003,N,Furniture,Office Chair,8071,1
1319,01-02-2024,C003,S,Clothing,T-shirt,12006,5
1320,14-03-2024,C004,N,Furniture,Desk,16164,3
1321,11-01-2024,C004,S,Electronics,Laptop,2797,2
1322,10-03-2024,C005,S,Clothing,Jacket,6116,5
1323,23-03-2024,C005,E,Electronics,Smartphone,13481,4
1324,11-02-2024,C001,W,Clothing,Jacket,14564,5
1325,15-03-2024,C005,W,Clothing,Jacket,656,3
1326,12-02-2024,C001,E,Electronics,Smartphone,6205,5
1327,13-02-2024,C003,E,Clothing,Jeans,11873,4
1328,04-03-2024,C005,N,Electronics,Smartphone,6429,5
1329,21-03-2024,C005,E,Furniture,Office Chair,10070,3
1330,22-01-2024,C005,W,Furniture,Bookshelf,12862,3
1331,08-03-2024,C001,S,Electronics,Headphones,13427,5
1332,05-03-2024,C003,W,Clothing,T-shirt,11329,1
1333,19-01-2024,C002,W,Clothing,T-shirt,10507,1
1334,29-03-2024,C003,E,Furniture,Desk,5569,4
1335,01-02-2024,C001,W,Electronics,Headphones,15161,5
1336,26-02-2024,C001,N,Clothing,Jacket,7866,5
1337,26-02-2024,C004,E,Electronics,Laptop,16217,1
1338,17-01-2024,C001,N,Clothing,T-shirt,1559,4
1339,31-03-2024,C002,S,Electronics,Laptop,9909,3
1340,16-01-2024,C001,E,Furniture,Bookshelf,10904,2
1341,05-03-2024,C005,W,Electronics,Smartphone,12381,3
1342,05-03-2024,C002,E,Furniture,Office Chair,13956,3
1343,12-01-2024,C005,E,Clothing,Jacket,14820,5
1344,30-01-2024,C004,S,Electronics,Laptop,11586,3
1345,12-03-2024,C003,S,Clothing,Jeans,2539,5
1346,19-03-2024,C002,N,Electronics,Laptop,7333,5
1347,11-01-2024,C001,E,Electronics,Headphones,18690,1
1348,20-02-2024,C005,S,Clothing,T-shirt,12308,3
1349,08-01-2024,C002,N,Electronics,Headphones,8567,3
1350,22-03-2024,C004,E,Electronics,Headphones,12375,4
1351,22-03-2024,C004,S,Furniture,Office Chair,10815,5
1352,04-02-2024,C005,S,Clothing,T-shirt,11568,3
1353,06-03-2024,C001,N,Electronics,Smartphone,18529,1
1354,30-03-2024,C005,E,Clothing,Jacket,12681,1
1355,23-03-2024,C003,S,Electronics,Headphones,2519,4
1356,25-01-2024,C004,E,Electronics,Headphones,8598,4
1357,05-02-2024,C001,S,Furniture,Bookshelf,16390,4
1358,05-01-2024,C005,W,Furniture,Bookshelf,16719,4
1359,18-01-2024,C005,E,Furniture,Bookshelf,11883,2
1360,27-03-2024,C001,E,Electronics,Laptop,1878,3
1361,26-02-2024,C003,N,Electronics,Headphones,19413,5
1362,28-02-2024,C004,E,Clothing,Jacket,16707,5
1363,07-02-2024,C005,E,Furniture,Office Chair,17916,5
1364,05-03-2024,C004,W,Clothing,T-shirt,4023,3
1365,25-01-2024,C001,W,Clothing,Jacket,15434,3
1366,26-03-2024,C002,N,Furniture,Bookshelf,3244,4
1367,31-01-2024,C002,W,Electronics,Headphones,11871,5
1368,08-01-2024,C001,S,Furniture,Bookshelf,2434,5
1369,03-02-2024,C005,E,Clothing,T-shirt,2947,1
1370,09-03-2024,C004,N,Furniture,Bookshelf,11078,2
1371,23-01-2024,C003,E,Electronics,Headphones,1723,4
1372,15-03-2024,C003,N,Electronics,Laptop,14132,5
1373,28-03-2024,C005,N,Clothing,Jeans,17758,3
1374,19-03-2024,C004,W,Electronics,Laptop,15683,1
1375,24-03-2024,C004,E,Furniture,Desk,18486,5
1376,06-02-2024,C005,E,Furniture,Bookshelf,11312,1
1377,25-01-2024,C003,W,Furniture,Office Chair,6923,3
1378,01-03-2024,C002,N,Electronics,Headphones,9994,4
1379,24-02-2024,C005,S,Furniture,Bookshelf,1971,4
1380,17-01-2024,C004,E,Furniture,Desk,12020,5
1381,03-02-2024,C001,E,Furniture,Office Chair,12000,2
1382,29-01-2024,C001,N,Furniture,Bookshelf,765,4
1383,04-01-2024,C001,W,Clothing,Jacket,9705,2
1384,09-01-2024,C005,E,Electronics,Laptop,6806,3
1385,23-02-2024,C001,W,Electronics,Smartphone,10241,3
1386,26-01-2024,C005,N,Clothing,Jeans,4617,2
1387,14-02-2024,C004,N,Clothing,Jeans,8311,5
1388,02-03-2024,C005,W,Clothing,Jeans,13975,2
1389,18-03-2024,C002,W,Electronics,Headphones,13946,5
1390,27-02-2024,C001,N,Clothing,Jeans,3535,2
1391,29-01-2024,C001,W,Furniture,Office Chair,13722,1
1392,13-03-2024,C003,S,Clothing,T-shirt,4496,1
1393,23-03-2024,C001,E,Electronics,Smartphone,12831,5
1394,26-02-2024,C005,N,Clothing,Jeans,15731,2
1395,05-03-2024,C004,N,Clothing,Jeans,8259,4
1396,03-01-2024,C003,S,Electronics,Headphones,10655,4
1397,15-03-2024,C005,S,Furniture,Bookshelf,19106,2
1398,30-03-2024,C005,E,Clothing,T-shirt,6352,5
1399,29-02-2024,C001,E,Clothing,Jeans,709,1
1400,19-03-2024,C003,E,Electronics,Smartphone,6340,4
1401,28-01-2024,C004,E,Electronics,Headphones,17179,3
1402,29-02-2024,C001,E,Electronics,Smartphone,1021,3
1403,27-01-2024,C003,W,Electronics,Laptop,15749,4
1404,30-01-2024,C005,N,Clothing,Jeans,2783,3
1405,21-02-2024,C003,E,Furniture,Bookshelf,11558,2
1406,11-03-2024,C005,S,Clothing,Jacket,5773,4
1407,19-03-2024,C002,S,Clothing,Jacket,4040,1
1408,18-02-2024,C002,W,Clothing,Jeans,14718,4
1409,10-03-2024,C005,S,Furniture,Bookshelf,4446,3
1410,28-02-2024,C004,N,Furniture,Desk,7057,1
1411,26-03-2024,C004,S,Furniture,Desk,4863,5
1412,31-01-2024,C004,S,Electronics,Smartphone,17239,3
1413,28-03-2024,C004,W,Furniture,Desk,12553,5
1414,19-03-2024,C001,E,Furniture,Desk,10790,4
1415,20-02-2024,C005,N,Electronics,Headphones,9085,5
1416,20-01-2024,C002,W,Furniture,Desk,13031,1
1417,02-02-2024,C004,W,Electronics,Laptop,6555,4
1418,13-03-2024,C001,N,Clothing,T-shirt,11471,5
1419,19-02-2024,C004,W,Furniture,Office Chair,13974,1
1420,31-01-2024,C004,E,Electronics,Headphones,4196,3
1421,29-03-2024,C001,E,Furniture,Bookshelf,9439,2
1422,26-03-2024,C004,N,Electronics,Smartphone,9679,4
1423,30-01-2024,C005,W,Electronics,Smartphone,14366,3
1424,09-03-2024,C003,S,Electronics,Headphones,2813,3
1425,04-03-2024,C005,E,Furniture,Office Chair,8648,1
1426,06-01-2024,C001,E,Furniture,Desk,14601,5
1427,28-01-2024,C001,S,Furniture,Desk,14958,5
1428,24-01-2024,C001,W,Electronics,Laptop,2419,3
1429,02-02-2024,C002,S,Furniture,Office Chair,3947,2
1430,17-01-2024,C001,W,Furniture,Desk,12661,3
1431,14-01-2024,C005,N,Clothing,Jeans,6270,2
1432,10-02-2024,C005,N,Furniture,Desk,4213,3
1433,15-01-2024,C002,N,Furniture,Office Chair,17848,1
1434,22-02-2024,C004,E,Furniture,Office Chair,6861,1
1435,04-02-2024,C005,N,Electronics,Headphones,19748,4
1436,09-03-2024,C005,W,Clothing,Jacket,11017,4
1437,18-01-2024,C001,W,Clothing,T-shirt,2588,4
1438,17-01-2024,C005,E,Electronics,Headphones,13987,2
1439,10-03-2024,C002,S,Clothing,Jacket,1236,1
1440,31-03-2024,C003,N,Clothing,Jeans,14233,4
1441,26-03-2024,C004,S,Clothing,T-shirt,7736,1
1442,11-02-2024,C004,E,Clothing,Jeans,7091,5
1443,27-02-2024,C002,S,Furniture,Office Chair,2366,3
1444,08-01-2024,C002,W,Clothing,T-shirt,9991,1
1445,23-02-2024,C004,N,Electronics,Headphones,18096,2
1446,03-02-2024,C005,W,Electronics,Headphones,1850,5
1447,29-01-2024,C003,E,Furniture,Bookshelf,13403,5
1448,13-02-2024,C003,N,Electronics,Headphones,18964,5
1449,30-03-2024,C003,N,Furniture,Bookshelf,6226,3
1450,06-03-2024,C005,N,Clothing,Jeans,3640,2
1451,28-02-2024,C002,N,Furniture,Bookshelf,8867,4
1452,25-03-2024,C005,W,Clothing,Jeans,4397,1
1453,24-03-2024,C003,W,Furniture,Bookshelf,11694,4
1454,11-03-2024,C003,W,Furniture,Office Chair,1730,2
1455,21-01-2024,C003,S,Clothing,T-shirt,9378,3
1456,20-03-2024,C005,N,Electronics,Laptop,13583,5
1457,22-01-2024,C001,E,Furniture,Office Chair,4035,5
1458,14-01-2024,C005,N,Furniture,Desk,9444,1
1459,20-02-2024,C003,E,Clothing,Jacket,19319,5
1460,10-03-2024,C001,E,Clothing,Jacket,3575,5
1461,31-03-2024,C004,N,Electronics,Laptop,8871,5
1462,04-03-2024,C004,N,Electronics,Smartphone,18243,1
1463,12-01-2024,C004,W,Furniture,Desk,3481,2
1464,31-01-2024,C001,W,Clothing,Jeans,1691,1
1465,23-03-2024,C001,W,Furniture,Desk,5991,1
1466,10-03-2024,C003,S,Furniture,Desk,16552,5
1467,03-03-2024,C001,W,Furniture,Bookshelf,15940,3
1468,01-02-2024,C001,S,Clothing,Jacket,19699,5
1469,11-01-2024,C004,W,Furniture,Office Chair,14084,2
1470,21-03-2024,C005,N,Furniture,Desk,19630,1
1471,15-01-2024,C001,W,Clothing,Jacket,8749,1
1472,27-03-2024,C004,E,Electronics,Laptop,3809,4
1473,03-01-2024,C003,N,Electronics,Smartphone,4995,3
1474,26-03-2024,C005,N,Clothing,T-shirt,10621,3
1475,28-01-2024,C002,E,Electronics,Smartphone,8621,5
1476,14-01-2024,C002,N,Furniture,Bookshelf,18407,4
1477,29-03-2024,C001,S,Furniture,Desk,14408,5
1478,19-03-2024,C002,E,Electronics,Headphones,1492,3
1479,08-03-2024,C001,N,Electronics,Laptop,5264,2
1480,11-02-2024,C004,S,Furniture,Bookshelf,16136,2
1481,19-03-2024,C005,E,Electronics,Laptop,18115,4
1482,20-02-2024,C005,S,Electronics,Laptop,2720,3
1483,05-02-2024,C003,N,Furniture,Desk,15211,5
1484,14-03-2024,C001,W,Furniture,Office Chair,5160,5
1485,13-03-2024,C005,N,Furniture,Office Chair,17427,3
1486,19-01-2024,C003,E,Clothing,Jacket,2420,1
1487,23-01-2024,C002,S,Electronics,Smartphone,6325,1
1488,17-01-2024,C003,W,Furniture,Desk,7825,3
1489,05-03-2024,C002,S,Electronics,Smartphone,6478,5
1490,11-03-2024,C001,E,Clothing,Jacket,15798,2
1491,15-02-2024,C002,S,Electronics,Headphones,12750,2
1492,31-03-2024,C001,S,Clothing,Jacket,17581,4
1493,30-03-2024,C002,S,Furniture,Office Chair,3750,2
1494,04-03-2024,C005,S,Furniture,Office Chair,7862,3
1495,31-03-2024,C003,S,Furniture,Bookshelf,15789,2
1496,03-01-2024,C003,W,Electronics,Headphones,14896,1
1497,20-01-2024,C002,E,Furniture,Office Chair,13917,4
1498,26-02-2024,C001,W,Clothing,Jacket,4783,2
1499,18-02-2024,C001,S,Electronics,Laptop,5499,2
1500,21-03-2024,C004,S,Furniture,Bookshelf,11240,3
1501,19-01-2024,C004,W,Electronics,Headphones,7863,3
1502,18-01-2024,C004,N,Electronics,Smartphone,18511,2
1503,06-01-2024,C001,S,Electronics,Laptop,764,1
1504,08-02-2024,C002,W,Furniture,Desk,5021,3
1505,22-03-2024,C005,E,Electronics,Headphones,14551,4
1506,03-03-2024,C005,N,Electronics,Smartphone,10273,4
1507,31-01-2024,C002,S,Electronics,Smartphone,11815,4
1508,11-01-2024,C005,N,Clothing,Jacket,17862,4
1509,08-01-2024,C002,S,Clothing,Jeans,12930,5
1510,08-01-2024,C003,W,Electronics,Smartphone,956,2
1511,07-01-2024,C002,S,Electronics,Laptop,6292,1
1512,11-03-2024,C004,W,Clothing,Jeans,7499,3
1513,07-03-2024,C003,S,Electronics,Headphones,17079,3
1514,24-01-2024,C003,W,Furniture,Bookshelf,19100,3
1515,28-02-2024,C005,N,Electronics,Laptop,19146,3
1516,16-02-2024,C003,N,Electronics,Smartphone,1953,2
1517,20-02-2024,C002,E,Clothing,T-shirt,9761,3
1518,11-03-2024,C005,S,Furniture,Desk,15827,2
1519,20-02-2024,C002,S,Furniture,Desk,13226,4
1520,07-01-2024,C003,E,Electronics,Laptop,1763,1
1521,16-01-2024,C002,N,Clothing,Jacket,5752,4
1522,31-01-2024,C002,N,Electronics,Laptop,18755,4
1523,02-03-2024,C003,E,Electronics,Laptop,11505,3
1524,10-01-2024,C004,N,Electronics,Laptop,7793,4
1525,27-01-2024,C002,S,Electronics,Laptop,1723,3
1526,07-03-2024,C002,W,Electronics,Smartphone,19870,1
1527,06-03-2024,C002,S,Clothing,T-shirt,6895,2
1528,24-01-2024,C004,E,Clothing,Jeans,11447,3
1529,25-01-2024,C005,S,Furniture,Office Chair,9056,1
1530,26-01-2024,C001,S,Furniture,Office Chair,5310,2
1531,10-02-2024,C001,W,Clothing,Jacket,1642,3
1532,18-03-2024,C002,E,Clothing,Jeans,7618,5
1533,17-01-2024,C003,S,Clothing,Jacket,5788,5
1534,03-01-2024,C001,E,Clothing,Jacket,13549,2
1535,15-02-2024,C005,N,Furniture,Desk,14837,1
1536,06-01-2024,C001,W,Furniture,Bookshelf,12103,1
1537,16-02-2024,C005,E,Electronics,Laptop,10068,3
1538,15-01-2024,C001,W,Furniture,Desk,16432,1
1539,31-03-2024,C005,N,Furniture,Bookshelf,15855,4
1540,14-01-2024,C001,E,Electronics,Headphones,1060,5
1541,07-02-2024,C004,W,Furniture,Desk,14597,3
1542,29-01-2024,C005,W,Furniture,Bookshelf,6331,1
1543,25-01-2024,C001,S,Furniture,Bookshelf,9825,4
1544,23-01-2024,C004,S,Furniture,Bookshelf,7765,4
1545,19-01-2024,C003,S,Electronics,Headphones,7763,2
1546,07-01-2024,C003,E,Furniture,Bookshelf,14152,3
1547,20-02-2024,C003,N,Furniture,Office Chair,8298,4
1548,29-02-2024,C003,W,Electronics,Smartphone,5503,2
1549,23-01-2024,C002,E,Furniture,Desk,16484,4
1550,30-03-2024,C001,S,Electronics,Laptop,12230,4
1551,01-02-2024,C005,E,Furniture,Desk,15331,3
1552,26-02-2024,C005,N,Clothing,T-shirt,1717,2
1553,08-03-2024,C003,S,Electronics,Smartphone,9056,4
1554,26-03-2024,C004,S,Furniture,Bookshelf,15067,1
1555,29-03-2024,C001,S,Furniture,Desk,14879,5
1556,18-03-2024,C005,E,Electronics,Laptop,14411,3
1557,30-01-2024,C003,S,Furniture,Office Chair,11054,2
1558,01-03-2024,C004,W,Clothing,Jacket,16845,3
1559,12-01-2024,C004,E,Clothing,T-shirt,18248,5
1560,16-03-2024,C003,W,Clothing,Jacket,18795,5
1561,26-01-2024,C004,W,Electronics,Smartphone,9003,3
1562,20-01-2024,C001,E,Clothing,T-shirt,6271,2
1563,31-03-2024,C004,S,Clothing,Jacket,10180,4
1564,03-02-2024,C002,W,Clothing,T-shirt,12906,1
1565,27-02-2024,C001,W,Furniture,Desk,19363,3
1566,08-03-2024,C002,S,Furniture,Bookshelf,14524,5
1567,12-01-2024,C004,W,Furniture,Bookshelf,11664,3
1568,21-02-2024,C003,N,Furniture,Office Chair,3382,4
1569,28-02-2024,C001,W,Clothing,Jeans,8082,1
1570,02-02-2024,C001,W,Electronics,Headphones,10975,5
1571,16-02-2024,C003,N,Clothing,T-shirt,9517,2
1572,07-02-2024,C001,E,Furniture,Office Chair,11526,5
1573,16-01-2024,C001,W,Electronics,Headphones,4921,3
1574,13-02-2024,C002,W,Electronics,Laptop,18923,2
1575,25-02-2024,C001,S,Furniture,Desk,18214,3
1576,25-02-2024,C001,W,Furniture,Bookshelf,8771,2
1577,21-01-2024,C002,N,Clothing,Jeans,3584,5
1578,26-03-2024,C001,W,Clothing,Jeans,9533,2
1579,10-01-2024,C001,E,Clothing,Jacket,19554,3
1580,22-02-2024,C002,S,Clothing,Jacket,18763,5
1581,26-02-2024,C002,N,Clothing,Jeans,15463,1
1582,30-01-2024,C003,W,Electronics,Headphones,2265,1
1583,12-02-2024,C002,S,Furniture,Desk,2425,3
1584,27-01-2024,C002,N,Electronics,Laptop,9860,1
1585,11-03-2024,C005,S,Furniture,Office Chair,11135,2
1586,19-02-2024,C005,N,Clothing,Jeans,19475,5
1587,11-02-2024,C003,E,Electronics,Headphones,7120,2
1588,23-02-2024,C001,E,Furniture,Bookshelf,9664,3
1589,22-01-2024,C001,S,Electronics,Headphones,16461,3
1590,31-01-2024,C003,S,Electronics,Smartphone,9473,2
1591,01-03-2024,C005,S,Electronics,Laptop,4819,3
1592,04-03-2024,C002,E,Clothing,Jeans,16989,4
1593,03-03-2024,C001,N,Electronics,Smartphone,18499,1
1594,07-03-2024,C001,E,Furniture,Bookshelf,17916,2
1595,14-01-2024,C002,S,Furniture,Bookshelf,14935,2
1596,01-03-2024,C005,E,Clothing,Jeans,1913,1
1597,28-03-2024,C005,S,Furniture,Office Chair,3651,4
1598,27-01-2024,C003,E,Furniture,Bookshelf,18696,2
1599,17-01-2024,C005,W,Clothing,T-shirt,9930,1
1600,26-02-2024,C001,S,Clothing,Jacket,14845,2
1601,29-03-2024,C005,W,Furniture,Desk,18637,4
1602,11-03-2024,C004,W,Clothing,Jeans,17729,2
1603,22-02-2024,C003,E,Furniture,Office Chair,2205,1
1604,23-03-2024,C004,W,Electronics,Headphones,7891,2
1605,03-02-2024,C002,N,Electronics,Smartphone,5357,4
1606,21-02-2024,C005,S,Electronics,Smartphone,14890,5
1607,21-01-2024,C003,W,Furniture,Bookshelf,7708,5
1608,05-02-2024,C004,S,Clothing,T-shirt,13819,4
1609,28-01-2024,C001,E,Furniture,Office Chair,18503,1
1610,14-03-2024,C005,W,Clothing,Jacket,3204,1
1611,27-03-2024,C004,W,Clothing,Jeans,7245,1
1612,09-03-2024,C004,E,Furniture,Office Chair,8540,5
1613,18-02-2024,C005,W,Clothing,Jacket,6913,2
1614,23-01-2024,C005,W,Furniture,Bookshelf,16895,5
1615,28-03-2024,C004,E,Electronics,Smartphone,14561,4
1616,05-02-2024,C005,N,Electronics,Headphones,13713,5
1617,13-02-2024,C003,E,Clothing,T-shirt,4935,5
1618,12-03-2024,C005,W,Electronics,Laptop,548,1
1619,04-02-2024,C002,N,Furniture,Office Chair,7514,4
1620,17-03-2024,C005,N,Electronics,Laptop,13453,4
1621,16-02-2024,C003,S,Electronics,Headphones,9592,1
1622,16-03-2024,C004,N,Clothing,Jacket,8860,4
1623,30-01-2024,C004,S,Clothing,T-shirt,12545,2
1624,27-02-2024,C005,W,Clothing,Jeans,4825,1
1625,11-02-2024,C003,S,Electronics,Headphones,15012,2
1626,20-01-2024,C002,N,Furniture,Bookshelf,10403,4
1627,09-03-2024,C005,N,Furniture,Desk,10294,3
1628,16-01-2024,C005,S,Electronics,Smartphone,12418,3
1629,26-02-2024,C005,N,Clothing,Jacket,5128,3
1630,25-02-2024,C002,E,Furniture,Office Chair,11234,2
1631,17-02-2024,C005,N,Electronics,Headphones,5774,3
1632,06-02-2024,C003,E,Furniture,Office Chair,16888,1
1633,16-01-2024,C002,S,Furniture,Bookshelf,19917,2
1634,01-03-2024,C003,S,Clothing,Jacket,9098,3
1635,30-01-2024,C002,N,Electronics,Smartphone,4979,4
1636,04-03-2024,C005,E,Furniture,Desk,10040,3
1637,08-03-2024,C005,W,Electronics,Headphones,12977,3
1638,02-02-2024,C001,W,Furniture,Desk,12646,3
1639,21-03-2024,C002,S,Furniture,Office Chair,17810,2
1640,22-03-2024,C005,W,Electronics,Laptop,19611,3
1641,25-03-2024,C005,W,Clothing,Jacket,3985,2
1642,19-02-2024,C002,W,Electronics,Smartphone,12541,5
1643,12-03-2024,C004,N,Furniture,Desk,15214,2
1644,24-01-2024,C005,S,Furniture,Office Chair,10509,5
1645,18-01-2024,C003,S,Clothing,Jacket,14596,1
1646,04-03-2024,C003,W,Clothing,T-shirt,5371,5
1647,09-03-2024,C001,E,Clothing,T-shirt,2473,5
1648,17-01-2024,C005,N,Electronics,Smartphone,12260,2
1649,11-01-2024,C005,W,Furniture,Desk,6503,5
1650,02-01-2024,C005,S,Furniture,Office Chair,3759,4
1651,18-03-2024,C005,W,Electronics,Smartphone,17017,3
1652,15-01-2024,C002,S,Clothing,T-shirt,17129,3
1653,08-02-2024,C001,E,Electronics,Headphones,16647,2
1654,11-01-2024,C005,S,Electronics,Headphones,13336,1
1655,06-01-2024,C001,W,Clothing,T-shirt,18743,2
1656,09-01-2024,C004,E,Electronics,Headphones,661,3
1657,02-01-2024,C002,W,Clothing,Jeans,18203,3
1658,17-03-2024,C003,S,Clothing,Jacket,18064,3
1659,29-01-2024,C003,E,Electronics,Laptop,15393,2
1660,16-02-2024,C002,S,Furniture,Bookshelf,12993,3
1661,26-02-2024,C002,W,Electronics,Laptop,18239,5
1662,24-02-2024,C002,E,Electronics,Laptop,13376,5
1663,23-02-2024,C004,W,Clothing,Jeans,16428,2
1664,09-02-2024,C001,S,Electronics,Smartphone,7100,5
1665,05-02-2024,C005,W,Furniture,Desk,15652,4
1666,29-02-2024,C004,S,Furniture,Desk,13130,3
1667,18-01-2024,C003,E,Furniture,Bookshelf,5145,1
1668,24-02-2024,C003,W,Clothing,Jacket,9256,2
1669,13-01-2024,C004,E,Furniture,Office Chair,3348,2
1670,16-03-2024,C002,W,Electronics,Smartphone,18781,2
1671,09-02-2024,C001,W,Furniture,Desk,13478,4
1672,16-01-2024,C005,S,Clothing,T-shirt,7879,3
1673,02-02-2024,C002,E,Clothing,T-shirt,3804,5
1674,28-01-2024,C001,S,Electronics,Laptop,4791,3
1675,14-03-2024,C005,S,Furniture,Bookshelf,16123,2
1676,01-02-2024,C002,S,Clothing,Jeans,13264,1
1677,07-02-2024,C003,W,Furniture,Bookshelf,4498,1
1678,26-02-2024,C005,S,Clothing,Jacket,13329,1
1679,24-01-2024,C005,W,Furniture,Desk,9102,1
1680,31-03-2024,C003,N,Furniture,Bookshelf,17654,3
1681,09-01-2024,C003,E,Clothing,T-shirt,16153,4
1682,29-03-2024,C001,W,Furniture,Bookshelf,2293,1
1683,09-02-2024,C004,N,Electronics,Headphones,18512,3
1684,29-02-2024,C003,W,Furniture,Desk,13195,1
1685,24-01-2024,C001,N,Furniture,Office Chair,10144,1
1686,23-01-2024,C003,W,Electronics,Laptop,7990,2
1687,21-02-2024,C004,S,Furniture,Desk,12799,1
1688,04-03-2024,C002,E,Clothing,T-shirt,5891,5
1689,10-01-2024,C004,W,Clothing,Jacket,13212,5
1690,12-03-2024,C001,S,Electronics,Smartphone,5384,2
1691,21-02-2024,C004,S,Electronics,Laptop,12316,1
1692,15-02-2024,C003,W,Clothing,Jeans,16766,2
1693,16-02-2024,C001,N,Furniture,Bookshelf,14513,2
1694,09-01-2024,C003,E,Clothing,Jacket,10959,2
1695,16-02-2024,C002,W,Furniture,Bookshelf,17874,4
1696,23-02-2024,C005,S,Electronics,Laptop,4529,5
1697,14-02-2024,C005,E,Electronics,Laptop,6758,3
1698,01-03-2024,C005,N,Clothing,T-shirt,13811,5
1699,30-03-2024,C002,W,Clothing,Jacket,5450,3
1700,11-01-2024,C001,S,Electronics,Laptop,1202,4
1701,19-01-2024,C004,N,Clothing,Jacket,4236,2
1702,18-03-2024,C002,W,Furniture,Bookshelf,18473,3
1703,19-03-2024,C001,N,Furniture,Office Chair,3812,4
1704,30-01-2024,C004,S,Furniture,Office Chair,10434,5
1705,26-03-2024,C003,S,Furniture,Office Chair,16575,1
1706,18-03-2024,C001,N,Clothing,T-shirt,4352,4
1707,17-02-2024,C003,W,Electronics,Smartphone,11431,2
1708,04-01-2024,C005,N,Furniture,Bookshelf,19994,2
1709,04-02-2024,C003,N,Clothing,Jacket,2052,2
1710,25-02-2024,C004,N,Clothing,Jacket,11033,4
1711,08-03-2024,C001,N,Furniture,Office Chair,10603,1
1712,28-01-2024,C002,N,Clothing,Jeans,13412,3
1713,15-03-2024,C001,W,Electronics,Smartphone,8752,3
1714,16-01-2024,C003,N,Clothing,T-shirt,4408,2
1715,25-01-2024,C003,W,Electronics,Headphones,8634,1
1716,23-02-2024,C001,W,Electronics,Headphones,12188,1
1717,10-03-2024,C004,E,Furniture,Desk,10793,1
1718,26-01-2024,C004,E,Electronics,Headphones,1577,3
1719,11-02-2024,C004,E,Furniture,Desk,3061,1
1720,18-03-2024,C004,S,Furniture,Bookshelf,2434,1
1721,17-02-2024,C002,W,Clothing,T-shirt,10499,2
1722,19-03-2024,C005,S,Clothing,T-shirt,6825,1
1723,26-02-2024,C003,E,Clothing,T-shirt,9462,4
1724,20-03-2024,C004,S,Electronics,Laptop,3919,3
1725,05-01-2024,C001,E,Clothing,Jeans,4902,4
1726,27-01-2024,C004,N,Clothing,T-shirt,4567,4
1727,31-01-2024,C002,W,Furniture,Desk,13012,3
1728,27-01-2024,C001,N,Furniture,Office Chair,4059,5
1729,30-03-2024,C005,S,Electronics,Headphones,1321,4
1730,23-02-2024,C002,W,Electronics,Headphones,10795,4
1731,29-01-2024,C002,E,Furniture,Desk,6399,2
1732,01-03-2024,C003,S,Clothing,Jacket,15843,5
1733,09-02-2024,C004,S,Electronics,Laptop,2100,5
1734,29-03-2024,C005,S,Clothing,Jacket,6350,1
1735,18-03-2024,C004,E,Electronics,Headphones,6817,4
1736,10-03-2024,C002,W,Clothing,Jeans,15707,4
1737,06-01-2024,C004,S,Electronics,Smartphone,19112,3
1738,02-03-2024,C005,S,Furniture,Office Chair,9453,5
1739,15-03-2024,C004,W,Clothing,Jacket,19274,2
1740,19-01-2024,C004,S,Furniture,Office Chair,3136,3
1741,02-01-2024,C002,N,Furniture,Office Chair,14418,4
1742,26-02-2024,C005,S,Electronics,Laptop,7960,1
1743,11-01-2024,C004,W,Clothing,T-shirt,7690,4
1744,17-02-2024,C003,E,Furniture,Office Chair,5501,3
1745,31-03-2024,C005,S,Clothing,Jeans,12018,2
1746,14-01-2024,C003,S,Electronics,Headphones,10571,3
1747,28-01-2024,C003,S,Clothing,Jacket,557,1
1748,09-01-2024,C001,S,Clothing,T-shirt,7112,5
1749,13-02-2024,C004,N,Furniture,Office Chair,8159,2
1750,14-01-2024,C005,S,Electronics,Headphones,7165,3
1751,22-01-2024,C003,S,Electronics,Headphones,4673,2
1752,10-01-2024,C002,W,Furniture,Bookshelf,10298,5
1753,28-02-2024,C001,N,Clothing,T-shirt,15924,5
1754,31-03-2024,C002,E,Clothing,T-shirt,11087,2
1755,25-01-2024,C002,E,Furniture,Desk,1409,2
1756,20-01-2024,C004,S,Electronics,Laptop,19534,4
1757,22-01-2024,C001,E,Furniture,Bookshelf,1027,2
1758,29-03-2024,C001,S,Electronics,Laptop,18424,3
1759,04-03-2024,C003,S,Clothing,T-shirt,8156,1
1760,05-03-2024,C001,E,Electronics,Headphones,11402,3
1761,13-02-2024,C004,S,Furniture,Bookshelf,6366,5
1762,28-01-2024,C002,W,Clothing,Jacket,16059,2
1763,09-02-2024,C005,S,Furniture,Bookshelf,9316,5
1764,14-01-2024,C002,S,Furniture,Office Chair,14793,1
1765,31-03-2024,C002,W,Electronics,Headphones,15760,3
1766,05-02-2024,C003,S,Electronics,Headphones,13868,1
1767,11-01-2024,C005,W,Clothing,T-shirt,12041,2
1768,10-03-2024,C003,W,Clothing,Jacket,7194,2
1769,08-01-2024,C004,N,Electronics,Laptop,989,3
1770,23-03-2024,C004,W,Electronics,Headphones,19199,3
1771,05-01-2024,C005,S,Furniture,Desk,6470,2
1772,03-01-2024,C001,N,Furniture,Bookshelf,4055,2
1773,02-02-2024,C005,E,Furniture,Office Chair,14105,2
1774,24-02-2024,C003,S,Furniture,Office Chair,7647,3
1775,03-01-2024,C002,W,Electronics,Smartphone,7366,5
1776,13-01-2024,C002,E,Electronics,Laptop,8917,3
1777,22-03-2024,C003,S,Furniture,Desk,10749,3
1778,17-01-2024,C005,E,Clothing,Jeans,17905,2
1779,17-01-2024,C001,E,Clothing,Jacket,13809,2
1780,02-02-2024,C002,S,Electronics,Smartphone,4712,2
1781,03-02-2024,C004,E,Electronics,Headphones,15845,3
1782,30-03-2024,C005,N,Electronics,Headphones,14523,2
1783,06-01-2024,C001,E,Clothing,T-shirt,12174,2
1784,20-01-2024,C004,N,Electronics,Smartphone,16546,5
1785,02-01-2024,C004,N,Electronics,Headphones,1394,3
1786,14-01-2024,C003,N,Clothing,T-shirt,18910,4
1787,26-03-2024,C003,W,Electronics,Smartphone,17048,1
1788,10-01-2024,C001,W,Clothing,Jeans,9929,5
1789,01-03-2024,C001,W,Electronics,Laptop,10766,5
1790,12-03-2024,C004,E,Electronics,Smartphone,14417,1
1791,11-03-2024,C004,N,Furniture,Desk,770,5
1792,18-01-2024,C002,E,Furniture,Desk,18486,3
1793,10-01-2024,C001,W,Furniture,Office Chair,1878,3
1794,24-03-2024,C005,S,Clothing,Jeans,11475,3
1795,16-01-2024,C005,N,Furniture,Bookshelf,11664,2
1796,31-01-2024,C002,W,Electronics,Headphones,7564,3
1797,21-01-2024,C005,E,Clothing,T-shirt,9458,3
1798,08-01-2024,C003,N,Electronics,Laptop,13305,4
1799,05-02-2024,C004,S,Electronics,Smartphone,4247,3
1800,26-01-2024,C002,W,Furniture,Bookshelf,2009,2
1801,08-03-2024,C002,E,Electronics,Smartphone,15253,4
1802,17-01-2024,C005,E,Clothing,Jacket,9553,4
1803,01-03-2024,C003,S,Clothing,Jacket,3913,3
1804,26-03-2024,C005,W,Electronics,Smartphone,2337,2
1805,29-03-2024,C001,N,Furniture,Desk,3367,1
1806,27-03-2024,C003,N,Electronics,Smartphone,8884,3
1807,17-02-2024,C003,N,Electronics,Laptop,16063,5
1808,27-03-2024,C004,W,Electronics,Headphones,16931,5
1809,13-01-2024,C002,E,Clothing,Jacket,18371,3
1810,12-03-2024,C003,S,Clothing,T-shirt,11219,1
1811,27-03-2024,C004,E,Clothing,Jacket,16715,5
1812,29-03-2024,C002,N,Electronics,Headphones,6566,3
1813,06-02-2024,C002,W,Clothing,Jacket,12839,2
1814,11-02-2024,C001,W,Furniture,Desk,10128,3
1815,23-03-2024,C004,N,Electronics,Laptop,12315,2
1816,18-02-2024,C005,N,Electronics,Smartphone,18146,5
1817,13-01-2024,C001,E,Clothing,Jacket,2944,5
1818,09-02-2024,C003,N,Furniture,Bookshelf,871,1
1819,24-01-2024,C004,S,Clothing,Jeans,2757,2
1820,07-02-2024,C003,W,Clothing,Jeans,5848,1
1821,19-01-2024,C004,W,Electronics,Smartphone,8400,5
1822,09-02-2024,C004,N,Clothing,Jacket,8398,3
1823,06-03-2024,C005,S,Electronics,Laptop,14756,2
1824,21-01-2024,C003,N,Clothing,Jacket,7435,3
1825,05-03-2024,C004,N,Furniture,Desk,15812,5
1826,21-02-2024,C005,E,Electronics,Headphones,15457,4
1827,01-03-2024,C003,W,Electronics,Laptop,13879,5
1828,28-02-2024,C004,N,Clothing,T-shirt,16671,3
1829,09-02-2024,C002,N,Clothing,T-shirt,7199,4
1830,02-01-2024,C004,E,Clothing,T-shirt,9016,4
1831,08-03-2024,C005,S,Clothing,Jeans,2225,5
1832,31-03-2024,C002,S,Furniture,Desk,7202,3
1833,21-02-2024,C003,W,Clothing,Jeans,11272,1
1834,18-03-2024,C003,W,Clothing,Jacket,7309,3
1835,28-03-2024,C004,S,Clothing,T-shirt,3293,2
1836,18-03-2024,C001,N,Electronics,Smartphone,13480,3
1837,08-03-2024,C003,E,Clothing,Jeans,16617,4
1838,16-01-2024,C005,S,Furniture,Bookshelf,15131,5
1839,05-02-2024,C003,N,Clothing,Jeans,3155,5
1840,15-01-2024,C003,E,Electronics,Smartphone,16738,2
1841,01-03-2024,C001,N,Electronics,Laptop,19877,5
1842,03-03-2024,C002,W,Clothing,T-shirt,17891,4
1843,15-02-2024,C001,E,Electronics,Smartphone,8665,4
1844,18-01-2024,C001,S,Clothing,Jeans,13167,4
1845,09-01-2024,C004,N,Furniture,Desk,19107,5
1846,15-03-2024,C003,E,Electronics,Laptop,15852,5
1847,22-03-2024,C003,S,Electronics,Laptop,16182,5
1848,12-02-2024,C004,E,Clothing,Jeans,11084,5
1849,16-01-2024,C005,S,Furniture,Bookshelf,12449,3
1850,12-01-2024,C003,N,Electronics,Smartphone,11396,2
1851,29-01-2024,C003,E,Furniture,Office Chair,16997,4
1852,23-01-2024,C004,E,Furniture,Desk,1131,2
1853,26-01-2024,C005,E,Electronics,Laptop,4162,3
1854,16-01-2024,C005,W,Furniture,Bookshelf,4135,1
1855,25-01-2024,C004,E,Clothing,Jeans,6938,2
1856,15-03-2024,C004,N,Clothing,Jacket,14323,4
1857,01-01-2024,C002,N,Clothing,Jacket,15982,1
1858,09-03-2024,C002,E,Clothing,Jacket,3650,5
1859,08-03-2024,C002,W,Electronics,Laptop,3854,2
1860,10-02-2024,C003,E,Furniture,Office Chair,11551,3
1861,21-01-2024,C001,W,Electronics,Headphones,16681,2
1862,30-01-2024,C003,W,Electronics,Headphones,2489,3
1863,29-01-2024,C001,W,Clothing,Jacket,6147,5
1864,17-03-2024,C003,E,Clothing,Jacket,18093,5
1865,22-01-2024,C002,N,Furniture,Desk,17651,3
1866,03-02-2024,C001,W,Clothing,Jacket,1860,2
1867,21-01-2024,C005,S,Clothing,Jacket,742,4
1868,02-01-2024,C004,N,Electronics,Headphones,3585,2
1869,15-01-2024,C001,E,Electronics,Smartphone,19546,5
1870,26-03-2024,C003,W,Furniture,Office Chair,9197,3
1871,17-01-2024,C003,S,Electronics,Smartphone,12863,1
1872,25-03-2024,C003,E,Electronics,Smartphone,16873,5
1873,04-01-2024,C001,W,Furniture,Bookshelf,1056,5
1874,10-03-2024,C002,E,Furniture,Bookshelf,3702,1
1875,11-02-2024,C004,N,Electronics,Smartphone,7438,3
1876,25-03-2024,C001,W,Furniture,Office Chair,6633,3
1877,12-03-2024,C004,E,Furniture,Bookshelf,9529,5
1878,26-02-2024,C004,S,Electronics,Headphones,19090,5
1879,06-03-2024,C001,E,Electronics,Smartphone,15553,2
1880,01-02-2024,C005,W,Furniture,Desk,15704,4
1881,03-03-2024,C003,W,Furniture,Bookshelf,12271,5
1882,17-02-2024,C001,W,Electronics,Smartphone,13807,2
1883,25-01-2024,C005,N,Clothing,Jacket,8896,5
1884,30-03-2024,C004,S,Clothing,Jacket,7497,2
1885,13-03-2024,C005,N,Furniture,Office Chair,509,4
1886,18-02-2024,C001,E,Furniture,Office Chair,2858,3
1887,05-03-2024,C003,N,Electronics,Headphones,15651,4
1888,23-02-2024,C004,N,Clothing,Jacket,2146,1
1889,17-02-2024,C001,S,Electronics,Laptop,14971,3
1890,24-02-2024,C005,W,Furniture,Office Chair,5122,1
1891,12-03-2024,C002,S,Electronics,Laptop,16796,2
1892,13-01-2024,C004,S,Furniture,Office Chair,5123,3
1893,29-01-2024,C001,S,Clothing,Jeans,4588,5
1894,08-03-2024,C004,N,Electronics,Smartphone,11853,4
1895,13-03-2024,C004,E,Electronics,Smartphone,13120,2
1896,26-01-2024,C002,E,Furniture,Bookshelf,8529,3
1897,01-01-2024,C005,N,Clothing,Jeans,9200,2
1898,06-02-2024,C002,W,Clothing,T-shirt,4742,2
1899,10-01-2024,C004,E,Electronics,Laptop,11525,4
1900,03-03-2024,C002,S,Clothing,Jeans,13813,5
1901,25-03-2024,C001,N,Clothing,Jeans,10156,4
1902,21-02-2024,C001,S,Electronics,Laptop,2160,2
1903,25-02-2024,C003,W,Clothing,Jeans,15961,3
1904,07-03-2024,C002,E,Furniture,Office Chair,15048,4
1905,16-02-2024,C004,E,Electronics,Headphones,6123,3
1906,05-03-2024,C003,S,Electronics,Smartphone,3313,2
1907,07-01-2024,C004,E,Clothing,T-shirt,18972,5
1908,21-03-2024,C005,E,Electronics,Headphones,915,3
1909,13-02-2024,C003,N,Electronics,Laptop,12297,5
1910,29-03-2024,C002,W,Electronics,Laptop,927,5
1911,29-02-2024,C004,W,Clothing,Jeans,19808,1
1912,28-03-2024,C002,N,Furniture,Office Chair,715,2
1913,07-02-2024,C002,S,Electronics,Laptop,16745,1
1914,06-01-2024,C001,S,Furniture,Office Chair,2802,2
1915,03-01-2024,C005,W,Electronics,Smartphone,12928,1
1916,13-02-2024,C003,E,Electronics,Laptop,10188,2
1917,15-03-2024,C003,W,Furniture,Bookshelf,5639,2
1918,31-03-2024,C002,N,Clothing,T-shirt,15687,2
1919,10-03-2024,C004,N,Clothing,T-shirt,15900,4
1920,15-01-2024,C003,N,Clothing,T-shirt,15385,5
1921,05-03-2024,C004,E,Electronics,Smartphone,11853,5
1922,04-03-2024,C001,W,Furniture,Office Chair,8286,5
1923,02-02-2024,C001,W,Electronics,Laptop,8510,1
1924,08-01-2024,C002,S,Clothing,T-shirt,5358,2
1925,22-03-2024,C001,N,Furniture,Office Chair,17525,1
1926,29-01-2024,C001,W,Electronics,Laptop,16121,1
1927,03-03-2024,C004,E,Electronics,Smartphone,2246,3
1928,17-02-2024,C003,S,Electronics,Laptop,16163,2
1929,04-01-2024,C002,E,Furniture,Desk,17065,5
1930,17-03-2024,C003,N,Clothing,Jeans,6665,1
1931,26-01-2024,C001,S,Electronics,Headphones,12916,3
1932,13-02-2024,C002,S,Furniture,Bookshelf,18011,1
1933,03-01-2024,C002,W,Furniture,Desk,10324,2
1934,17-03-2024,C003,N,Clothing,T-shirt,3511,5
1935,12-01-2024,C001,N,Furniture,Desk,19021,2
1936,05-01-2024,C004,S,Electronics,Laptop,14552,3
1937,24-01-2024,C003,E,Furniture,Desk,5498,1
1938,17-02-2024,C003,S,Clothing,Jeans,2099,3
1939,22-02-2024,C002,W,Clothing,Jacket,19302,1
1940,04-01-2024,C003,W,Furniture,Desk,5128,5
1941,31-01-2024,C002,E,Electronics,Laptop,16008,1
1942,12-01-2024,C003,N,Furniture,Bookshelf,15147,5
1943,11-02-2024,C003,S,Furniture,Office Chair,8259,4
1944,14-03-2024,C004,S,Clothing,T-shirt,18625,2
1945,07-01-2024,C005,N,Clothing,T-shirt,16089,3
1946,14-01-2024,C005,S,Clothing,Jacket,9507,3
1947,22-01-2024,C004,S,Furniture,Office Chair,3661,2
1948,01-01-2024,C005,N,Furniture,Desk,1590,5
1949,08-01-2024,C004,W,Clothing,T-shirt,3702,2
1950,05-02-2024,C003,E,Furniture,Office Chair,17344,5
1951,21-03-2024,C005,N,Clothing,T-shirt,19345,4
1952,30-03-2024,C003,W,Electronics,Smartphone,14338,3
1953,27-01-2024,C002,W,Electronics,Headphones,16752,4
1954,06-01-2024,C004,N,Clothing,Jacket,5676,2
1955,04-01-2024,C001,W,Clothing,Jacket,5989,4
1956,02-01-2024,C005,S,Furniture,Bookshelf,6544,4
1957,02-02-2024,C005,S,Electronics,Headphones,18706,2
1958,08-03-2024,C005,W,Clothing,Jeans,7044,4
1959,15-01-2024,C004,E,Electronics,Headphones,3458,1
1960,14-03-2024,C005,S,Furniture,Bookshelf,541,2
1961,28-01-2024,C004,S,Furniture,Bookshelf,12692,5
1962,31-01-2024,C003,N,Furniture,Office Chair,19223,2
1963,25-01-2024,C003,N,Clothing,Jeans,15208,1
1964,08-02-2024,C002,S,Electronics,Headphones,12615,3
1965,08-03-2024,C005,E,Clothing,Jeans,15028,4
1966,12-01-2024,C002,N,Electronics,Headphones,5187,2
1967,22-01-2024,C005,W,Clothing,T-shirt,3961,4
1968,28-01-2024,C003,N,Clothing,T-shirt,3516,4
1969,01-02-2024,C002,N,Furniture,Bookshelf,11071,5
1970,03-01-2024,C005,W,Electronics,Smartphone,14204,4
1971,20-03-2024,C004,S,Clothing,T-shirt,14394,1
1972,12-03-2024,C002,S,Clothing,T-shirt,12327,2
1973,26-01-2024,C002,E,Furniture,Bookshelf,14918,1
1974,11-03-2024,C001,N,Furniture,Bookshelf,17309,2
1975,29-02-2024,C003,N,Clothing,Jeans,16490,1
1976,05-01-2024,C004,N,Furniture,Bookshelf,14332,5
1977,01-03-2024,C004,W,Furniture,Bookshelf,10853,1
1978,19-03-2024,C001,N,Furniture,Bookshelf,11614,4
1979,20-02-2024,C005,S,Furniture,Office Chair,15546,1
1980,19-03-2024,C003,N,Electronics,Laptop,3870,1
1981,21-03-2024,C003,E,Furniture,Bookshelf,7078,2
1982,25-03-2024,C005,W,Electronics,Smartphone,10259,1
1983,08-02-2024,C002,E,Clothing,Jacket,2458,1
1984,11-01-2024,C004,N,Furniture,Desk,15433,5
1985,15-02-2024,C004,N,Clothing,Jeans,9885,3
1986,24-03-2024,C003,W,Furniture,Office Chair,13966,3
1987,05-01-2024,C005,E,Furniture,Office Chair,6151,3
1988,24-02-2024,C003,S,Furniture,Office Chair,14080,3
1989,09-03-2024,C002,S,Electronics,Smartphone,19607,1
1990,14-02-2024,C001,W,Electronics,Headphones,17927,2
1991,20-01-2024,C004,N,Electronics,Laptop,17758,1
1992,28-03-2024,C004,S,Electronics,Laptop,12336,2
1993,01-01-2024,C001,N,Clothing,T-shirt,13638,4
1994,20-01-2024,C002,E,Electronics,Laptop,6000,1
1995,06-02-2024,C002,S,Furniture,Desk,7750,5
1996,20-02-2024,C001,S,Clothing,T-shirt,3382,2
1997,01-02-2024,C003,N,Electronics,Headphones,17935,5
1998,15-01-2024,C005,W,Clothing,Jeans,15409,4
1999,17-03-2024,C003,N,Clothing,Jeans,4470,5
